doc_id	start	end	mention	concept_id
9949209	206	224	inherited disorder	MESH:D030342
9949209	346	360	Wilson disease	MESH:D006527
9949209	353	360	disease	MESH:D004194
9949209	362	364	WD	MESH:D006527
9949209	515	522	disease	MESH:D004194
9949209	515	527	disease non-	MESH:D000073296
9949209	527	553	Indian childhood cirrhosis	MESH:C562580
9949209	544	553	cirrhosis	MESH:D005355
9949209	738	751	liver disease	MESH:D008107
9949209	744	751	disease	MESH:D004194
9949209	777	779	WD	MESH:D006527
9949209	1147	1149	WD	MESH:D006527
9950360	26	29	APC	MESH:D011125
9950360	96	99	FAP	MESH:D011125
9950360	129	132	APC	MESH:D011125
9950360	155	172	colorectal cancer	MESH:D015179
9950360	166	172	cancer	MESH:D009369
9950360	225	242	colorectal cancer	MESH:D015179
9950360	236	242	cancer	MESH:D009369
9950360	298	328	familial adenomatous polyposis	MESH:D011125
9950360	330	333	FAP	MESH:D011125
9950360	380	406	adenomatous polyposis coli	MESH:D011125
9950360	408	411	APC	MESH:D011125
9950360	476	479	APC	MESH:D011125
9950360	617	620	APC	MESH:D011125
9950360	638	641	FAP	MESH:D011125
9950360	642	659	colorectal cancer	MESH:D015179
9950360	653	659	cancer	MESH:D009369
9950360	674	677	APC	MESH:D011125
9950360	713	716	FAP	MESH:D011125
9950360	728	731	FAP	MESH:D011125
9950360	732	749	colorectal cancer	MESH:D015179
9950360	743	749	cancer	MESH:D009369
9950360	943	946	FAP	MESH:D011125
9950360	1056	1059	FAP	MESH:D011125
9950360	1069	1086	colorectal cancer	MESH:D015179
9950360	1080	1086	cancer	MESH:D009369
9950360	1220	1223	FAP	MESH:D011125
9950360	1501	1528	life threatening conditions	MESH:D057768
9950360	1617	1620	APC	MESH:D011125
9950360	1642	1645	FAP	MESH:D011125
9950360	1654	1657	FAP	MESH:D011125
9950360	1658	1675	colorectal cancer	MESH:D015179
9950360	1669	1675	cancer	MESH:D009369
9634518	32	68	phenylalanine hydroxylase deficiency	MESH:D010661
9634518	177	192	Phenylketonuria	MESH:D010661
9634518	194	197	PKU	MESH:D010661
9634518	299	324	phenylalanine hydroxylase	MESH:D010661
9634518	326	329	PAH	MESH:D010661
9634518	413	416	PAH	MESH:D010661
9634518	413	427	PAH deficiency	MESH:D010661
9634518	443	446	PAH	MESH:D010661
9634518	1351	1354	PAH	MESH:D010661
9634518	1442	1445	PAH	MESH:D010661
9634518	1442	1456	PAH deficiency	MESH:D010661
9634518	1506	1509	PAH	MESH:D010661
9563950	61	79	myotonic dystrophy	MESH:D009223
9563950	81	99	Myotonic dystrophy	MESH:D009223
9674903	20	41	Prader-Willi syndrome	MESH:D011218
9674903	33	41	syndrome	MESH:D013577
9674903	94	116	familial translocation	MESH:D014178
9674903	146	164	uniparental disomy	MESH:D024182
9674903	166	169	UPD	MESH:D024182
9674903	237	258	Prader-Willi syndrome	MESH:D011218
9674903	250	258	syndrome	MESH:D013577
9674903	260	263	PWS	MESH:D011218
9674903	320	323	PWS	MESH:D011218
9674903	534	537	PWS	MESH:D011218
9674903	864	867	PWS	MESH:D011218
9674903	961	964	PWS	MESH:D011218
9674903	1542	1560	Uniparental disomy	MESH:D024182
9674903	1722	1725	PWS	MESH:D011218
9674903	1827	1830	UPD	MESH:D024182
9674903	1838	1841	PWS	MESH:D011218
9863607	26	44	myotonic dystrophy	MESH:D009223
9863607	46	64	Myotonic dystrophy	MESH:D009223
9863607	76	94	autosomal dominant	MESH:C566739
9863607	95	102	disease	MESH:D004194
9863607	198	209	infertility	MESH:D007246
9863607	214	243	congenital myotonic dystrophy	MESH:D009223
9443866	0	6	Ataxia	MESH:D001259
9443866	0	21	Ataxia-telangiectasia	MESH:D001260
9443866	7	21	telangiectasia	MESH:D013684
9443866	197	205	diseases	MESH:D004194
9443866	215	228	breast cancer	MESH:D001943
9443866	222	228	cancer	MESH:D009369
9443866	309	315	ataxia	MESH:D001259
9443866	309	330	ataxia-telangiectasia	MESH:D001260
9443866	316	330	telangiectasia	MESH:D013684
9443866	332	335	A-T	MESH:D001260
9443866	1236	1239	A-T	MESH:D001260
9311732	71	85	retinoblastoma	MESH:D012175
9311732	129	143	retinoblastoma	MESH:D012175
9311732	145	150	tumor	MESH:D009369
9311732	278	292	retinoblastoma	MESH:D012175
9311732	440	454	retinoblastoma	MESH:D012175
9311732	503	508	tumor	MESH:D009369
9311732	533	539	tumors	MESH:D009369
9311732	742	748	tumors	MESH:D009369
9311732	894	900	tumors	MESH:D009369
9311732	928	934	tumors	MESH:D009369
9311732	997	1003	tumors	MESH:D009369
9311732	1093	1099	tumors	MESH:D009369
9311732	1233	1239	tumors	MESH:D009369
9311732	1792	1798	tumors	MESH:D009369
9311732	1839	1853	retinoblastoma	MESH:D012175
9311732	1939	1953	retinoblastoma	MESH:D012175
9931324	114	131	eye malformations	MESH:D005124
9931324	175	183	aniridia	MESH:D015783
9931324	293	301	aniridia	MESH:D015783
9931324	742	750	aniridia	MESH:D015783
9931324	976	984	aniridia	MESH:D015783
9931324	1083	1099	ectopia pupillae	MESH:C536185
9931324	1123	1143	congenital nystagmus	MESH:D020417
9931324	1208	1216	aniridia	MESH:D015783
9931324	1563	1570	disease	MESH:D004194
9668171	65	83	myotonic dystrophy	MESH:D009223
9668171	324	342	myotonic dystrophy	MESH:D009223
9668171	667	683	genetic diseases	MESH:D030342
9668171	675	683	diseases	MESH:D004194
9463314	32	38	ataxia	MESH:D001259
9463314	32	53	ataxia-telangiectasia	MESH:D001260
9463314	39	53	telangiectasia	MESH:D013684
9463314	126	134	leukemia	MESH:D007938
9463314	136	144	lymphoma	MESH:D008223
9463314	150	163	breast cancer	MESH:D001943
9463314	157	163	cancer	MESH:D009369
9463314	220	226	ataxia	MESH:D001259
9463314	220	241	ataxia-telangiectasia	MESH:D001260
9463314	227	241	telangiectasia	MESH:D013684
9463314	243	246	A-T	MESH:D001260
9463314	520	523	A-T	MESH:D001260
9463314	613	626	breast cancer	MESH:D001943
9463314	620	626	cancer	MESH:D009369
9463314	731	734	A-T	MESH:D001260
9463314	965	968	A-T	MESH:D001260
9463314	1009	1017	leukemia	MESH:D007938
9463314	1019	1027	lymphoma	MESH:D008223
9463314	1066	1082	Hodgkin lymphoma	MESH:D006689
9463314	1074	1082	lymphoma	MESH:D008223
9463314	1254	1257	A-T	MESH:D001260
9391879	62	76	ovarian cancer	MESH:D010051
9391879	70	76	cancer	MESH:D009369
9391879	134	148	ovarian cancer	MESH:D010051
9391879	142	148	cancer	MESH:D009369
9391879	247	260	breast cancer	MESH:D001943
9391879	254	260	cancer	MESH:D009369
9391879	288	302	ovarian cancer	MESH:D010051
9391879	296	302	cancer	MESH:D009369
9391879	534	541	disease	MESH:D004194
9391879	573	580	disease	MESH:D004194
9391879	842	856	ovarian cancer	MESH:D010051
9391879	850	856	cancer	MESH:D009369
9700175	47	61	ovarian cancer	MESH:D010051
9700175	55	61	cancer	MESH:D009369
9700175	74	88	Ovarian Cancer	MESH:D010051
9700175	82	88	Cancer	MESH:D009369
9700175	211	225	ovarian cancer	MESH:D010051
9700175	219	225	cancer	MESH:D009369
9700175	263	277	ovarian cancer	MESH:D010051
9700175	271	277	cancer	MESH:D009369
9700175	364	378	ovarian cancer	MESH:D010051
9700175	372	378	cancer	MESH:D009369
9700175	427	441	ovarian cancer	MESH:D010051
9700175	435	441	cancer	MESH:D009369
9700175	925	939	ovarian cancer	MESH:D010051
9700175	933	939	cancer	MESH:D009369
9700175	1244	1258	ovarian cancer	MESH:D010051
9700175	1252	1258	cancer	MESH:D009369
9700175	1528	1542	ovarian cancer	MESH:D010051
9700175	1536	1542	cancer	MESH:D009369
9792861	64	78	ovarian cancer	MESH:D010051
9792861	72	78	cancer	MESH:D009369
9792861	138	151	breast cancer	MESH:D001943
9792861	145	151	cancer	MESH:D009369
9792861	210	223	breast cancer	MESH:D001943
9792861	217	223	cancer	MESH:D009369
9792861	235	249	ovarian cancer	MESH:D010051
9792861	243	249	cancer	MESH:D009369
9792861	355	361	cancer	MESH:D009369
9792861	807	821	ovarian cancer	MESH:D010051
9792861	815	821	cancer	MESH:D009369
9792861	967	980	breast cancer	MESH:D001943
9792861	974	980	cancer	MESH:D009369
9792861	1029	1042	breast cancer	MESH:D001943
9792861	1036	1042	cancer	MESH:D009369
9792861	1453	1466	breast cancer	MESH:D001943
9792861	1460	1466	cancer	MESH:D009369
9792861	1478	1492	ovarian cancer	MESH:D010051
9792861	1486	1492	cancer	MESH:D009369
9705283	425	433	aniridia	MESH:D015783
9705283	435	449	Peters anomaly	MESH:C537884
9705283	451	469	autosomal dominant	MESH:C566739
9705283	470	479	keratitis	MESH:D007634
9705283	592	600	aniridia	MESH:D015783
9705283	757	765	Aniridia	MESH:D015783
9705283	1296	1308	dissociation	MESH:D004213
9705283	1524	1532	aniridia	MESH:D015783
9546397	25	40	hemochromatosis	MESH:D006432
9546397	187	194	disease	MESH:D004194
9546397	187	205	disease hereditary	MESH:D030342
9546397	206	221	hemochromatosis	MESH:D006432
9546397	414	429	hemochromatosis	MESH:D006432
9774970	63	68	tumor	MESH:D009369
9774970	194	208	ovarian cancer	MESH:D010051
9774970	202	208	cancer	MESH:D009369
9774970	859	873	ovarian cancer	MESH:D010051
9774970	867	873	cancer	MESH:D009369
9790667	269	299	cerebrotendinous xanthomatosis	MESH:D019294
9790667	286	299	xanthomatosis	MESH:D014973
9790667	301	304	CTX	MESH:D019294
9702690	23	43	adrenoleukodystrophy	MESH:D000326
9702690	163	183	adrenoleukodystrophy	MESH:D000326
9702690	185	188	ALD	MESH:D000326
9702690	242	245	ALD	MESH:D000326
9702690	511	514	ALD	MESH:D000326
9702690	703	721	Alzheimers disease	MESH:D000544
9702690	714	721	disease	MESH:D004194
9702690	723	725	AD	MESH:D000544
9702690	1079	1092	demyelination	MESH:D003711
9702690	1194	1197	ALD	MESH:D000326
9702690	1407	1410	ALD	MESH:D000326
9702690	1678	1699	neuronal degeneration	MESH:D009410
9702690	1703	1706	ALD	MESH:D000326
9618166	35	51	Pendred syndrome	MESH:C536648
9618166	43	51	syndrome	MESH:D013577
9618166	53	69	Pendred syndrome	MESH:C536648
9618166	61	69	syndrome	MESH:D013577
9618166	138	146	deafness	MESH:D003638
9618166	138	157	deafness and goiter	MESH:C536648
9618166	151	157	goiter	MESH:D006042
9618166	196	204	syndrome	MESH:D013577
9618166	229	236	disease	MESH:D004194
9618166	1189	1205	Pendred syndrome	MESH:C536648
9618166	1197	1205	syndrome	MESH:D013577
9427148	0	22	Aspartylglucosaminuria	MESH:D054880
9427148	48	70	Aspartylglucosaminuria	MESH:D054880
9427148	72	75	AGU	MESH:D054880
9427148	82	95	rare disorder	MESH:D035583
9427148	203	206	AGU	MESH:D054880
9427148	354	357	AGU	MESH:D054880
9427148	559	562	AGU	MESH:D054880
9427148	624	631	disease	MESH:D004194
9467011	53	67	Cowden disease	MESH:D006223
9467011	60	67	disease	MESH:D004194
9467011	88	96	syndrome	MESH:D013577
9467011	98	121	two hamartoma syndromes	MESH:D006223
9467011	102	111	hamartoma	MESH:D006222
9467011	112	121	syndromes	MESH:D013577
9467011	354	364	malignancy	MESH:D009369
9467011	457	470	kidney cancer	MESH:D007680
9467011	464	470	cancer	MESH:D009369
9467011	521	543	endometrial carcinomas	MESH:D016889
9467011	533	543	carcinomas	MESH:D002277
9467011	545	563	malignant melanoma	MESH:D008545
9467011	568	583	thyroid tumours	MESH:D013964
9467011	653	662	hamartoma	MESH:D006222
9467011	663	672	syndromes	MESH:D013577
9467011	674	688	Cowden disease	MESH:D006223
9467011	681	688	disease	MESH:D004194
9467011	690	692	CD	MESH:D006223
9467011	745	765	Riley-Smith syndrome	MESH:D006223
9467011	757	765	syndrome	MESH:D013577
9467011	805	807	CD	MESH:D006223
9467011	931	933	CD	MESH:D006223
9467011	1189	1193	spot	MESH:D008796
9467011	1215	1217	CD	MESH:D006223
9467011	1300	1302	CD	MESH:D006223
9467011	1799	1801	CD	MESH:D006223
9467011	1966	1968	CD	MESH:D006223
9467011	2109	2111	CD	MESH:D006223
9467011	2126	2140	breast disease	MESH:D001941
9467011	2133	2140	disease	MESH:D004194
9467011	2406	2422	malignant breast	MESH:D001943
9467011	2416	2430	breast disease	MESH:D001941
9467011	2423	2430	disease	MESH:D004194
9467011	2825	2827	CD	MESH:D006223
9831355	59	83	hereditary non-polyposis	MESH:D011125
9831355	84	101	colorectal cancer	MESH:D015179
9831355	95	101	cancer	MESH:D009369
9831355	117	147	French Canadian hereditary non	MESH:C537004
9831355	133	157	hereditary non-polyposis	MESH:D011125
9831355	158	175	colorectal cancer	MESH:D015179
9831355	169	175	cancer	MESH:D009369
9831355	325	342	colorectal cancer	MESH:D015179
9831355	336	342	cancer	MESH:D009369
9831355	622	628	cancer	MESH:D009369
9590178	0	12	Wilms' tumor	MESH:D009396
9590178	7	12	tumor	MESH:D009369
9590178	146	157	Wilms tumor	MESH:D009396
9590178	152	157	tumor	MESH:D009369
9590178	538	564	male pseudohermaphroditism	MESH:D058490
9590178	543	564	pseudohermaphroditism	MESH:D012734
9590178	568	588	Denys-Drash syndrome	MESH:D030321
9590178	580	588	syndrome	MESH:D013577
9590178	657	686	dosage-sensitive sex-reversal	MESH:C535601
9358014	106	121	hemochromatosis	MESH:D006432
9358014	123	125	HH	MESH:D006432
9358014	798	800	HH	MESH:D006432
9358014	945	947	HH	MESH:D006432
9358014	1048	1054	cancer	MESH:D009369
9382108	41	59	Huntington disease	MESH:D006816
9382108	52	59	disease	MESH:D004194
9382108	94	112	Huntington disease	MESH:D006816
9382108	105	112	disease	MESH:D004194
9382108	114	116	HD	MESH:D006816
9382108	232	234	HD	MESH:D006816
9382108	426	428	HD	MESH:D006816
9554743	111	125	Wilson disease	MESH:D006527
9554743	118	125	disease	MESH:D004194
9554743	277	291	Wilson disease	MESH:D006527
9554743	284	291	disease	MESH:D004194
9554743	748	762	Wilson disease	MESH:D006527
9554743	755	762	disease	MESH:D004194
9792860	109	124	Alport syndrome	MESH:D009394
9792860	116	124	syndrome	MESH:D013577
9792860	146	161	Alport syndrome	MESH:D009394
9792860	153	161	syndrome	MESH:D013577
9792860	189	207	glomerulonephritis	MESH:D005921
9792860	736	751	Alport syndrome	MESH:D009394
9792860	743	751	syndrome	MESH:D013577
9771706	68	85	diabetes mellitus	MESH:D003920
9771706	90	103	optic atrophy	MESH:D009896
9771706	96	103	atrophy	MESH:D001284
9771706	105	121	Wolfram syndrome	MESH:D014929
9771706	113	121	syndrome	MESH:D013577
9771706	124	140	Wolfram syndrome	MESH:D014929
9771706	132	140	syndrome	MESH:D013577
9771706	142	145	WFS	MESH:D014929
9771706	186	212	neurodegenerative disorder	MESH:D019636
9771706	247	282	insulin-dependent diabetes mellitus	MESH:D003922
9771706	254	282	-dependent diabetes mellitus	MESH:D003924
9771706	265	282	diabetes mellitus	MESH:D003920
9771706	299	312	optic atrophy	MESH:D009896
9771706	305	312	atrophy	MESH:D001284
9771706	423	430	disease	MESH:D004194
9771706	458	461	WFS	MESH:D014929
9771706	642	645	WFS	MESH:D014929
9771706	701	708	disease	MESH:D004194
9472666	56	69	C6 deficiency	MESH:C567307
9472666	122	135	C6 deficiency	MESH:C567307
9472666	137	140	C6D	MESH:C567307
9472666	200	224	meningococcal meningitis	MESH:D008585
9472666	214	224	meningitis	MESH:D008581
9472666	272	275	C6D	MESH:C567307
9472666	300	310	meningitis	MESH:D008581
9472666	320	340	neisserial infection	MESH:D016870
9472666	331	340	infection	MESH:D007239
9472666	720	723	C6D	MESH:C567307
9733027	24	41	Friedreich ataxia	MESH:D005621
9733027	35	41	ataxia	MESH:D001259
9733027	124	141	Friedreich ataxia	MESH:D005621
9733027	135	141	ataxia	MESH:D001259
9506545	0	26	Eye movement abnormalities	MESH:D015835
9506545	4	26	movement abnormalities	MESH:D020820
9506545	54	72	autosomal dominant	MESH:C566739
9506545	54	97	autosomal dominant cerebellar ataxia type I	MESH:D020754
9506545	73	90	cerebellar ataxia	MESH:D002524
9506545	84	90	ataxia	MESH:D001259
9506545	111	135	horizontal eye movements	MESH:D013285
9506545	181	195	smooth pursuit	MESH:D015835
9506545	259	277	autosomal dominant	MESH:C566739
9506545	278	296	cerebellar ataxias	MESH:D002524
9506545	289	296	ataxias	MESH:D001259
9506545	304	327	spinocerebellar ataxias	MESH:D020754
9506545	374	396	Machado-Joseph disease	MESH:D017827
9506545	389	396	disease	MESH:D004194
9506545	398	401	MJD	MESH:D017827
9506545	482	493	hypermetria	MESH:D002524
9506545	499	513	smooth pursuit	MESH:D015835
9506545	692	699	disease	MESH:D004194
9506545	742	756	smooth pursuit	MESH:D015835
9506545	827	843	evoked nystagmus	MESH:D009759
9506545	892	906	smooth pursuit	MESH:D015835
9506545	1016	1032	evoked nystagmus	MESH:D009759
9506545	1281	1289	diseases	MESH:D004194
9288106	40	46	ataxia	MESH:D001259
9288106	40	61	ataxia-telangiectasia	MESH:D001260
9288106	47	61	telangiectasia	MESH:D013684
9288106	81	97	T-cell leukaemia	MESH:D015458
9288106	99	105	Ataxia	MESH:D001259
9288106	99	120	Ataxia-telangiectasia	MESH:D001260
9288106	106	120	telangiectasia	MESH:D013684
9288106	122	125	A-T	MESH:D001260
9288106	235	241	cancer	MESH:D009369
9288106	254	273	lymphoid neoplasias	MESH:D015451
9288106	263	273	neoplasias	MESH:D009369
9288106	304	307	A-T	MESH:D001260
9288106	351	374	chromosomal instability	MESH:D043171
9288106	435	459	prolymphocytic leukaemia	MESH:D015463
9288106	483	493	malignancy	MESH:D009369
9288106	549	552	A-T	MESH:D001260
9288106	663	666	A-T	MESH:D001260
9288106	1070	1073	A-T	MESH:D001260
9288106	1316	1338	non-Hodgkins lymphomas	MESH:D008228
9288106	1320	1338	Hodgkins lymphomas	MESH:D006689
9288106	1329	1338	lymphomas	MESH:D008223
9288106	1712	1737	hereditary predisposition	MESH:D020022
9580132	140	165	familial neurohypophyseal	MESH:D010900
9580132	149	184	neurohypophyseal diabetes insipidus	MESH:D020790
9580132	166	184	diabetes insipidus	MESH:D003919
9580132	186	211	Familial neurohypophyseal	MESH:D010900
9580132	195	230	neurohypophyseal diabetes insipidus	MESH:D020790
9580132	212	230	diabetes insipidus	MESH:D003919
9580132	244	262	autosomal dominant	MESH:C566739
9580132	263	270	disease	MESH:D004194
9714764	171	206	insulin-dependent diabetes mellitus	MESH:D003922
9714764	178	206	-dependent diabetes mellitus	MESH:D003924
9714764	189	206	diabetes mellitus	MESH:D003920
9714764	208	212	IDDM	MESH:D003922
9792409	36	42	ataxia	MESH:D001259
9792409	36	57	ataxia-telangiectasia	MESH:D001260
9792409	43	57	telangiectasia	MESH:D013684
9792409	180	186	ataxia	MESH:D001259
9792409	180	201	ataxia-telangiectasia	MESH:D001260
9792409	187	201	telangiectasia	MESH:D013684
9792409	203	206	A-T	MESH:D001260
9792409	284	287	A-T	MESH:D001260
9792409	1019	1022	A-T	MESH:D001260
9792409	1077	1080	A-T	MESH:D001260
9792409	1526	1529	A-T	MESH:D001260
9867744	13	28	hemochromatosis	MESH:D006432
9867744	44	59	hemochromatosis	MESH:D006432
9867744	96	101	death	MESH:D003643
9867744	111	118	disease	MESH:D004194
9867744	266	286	serum ferritin level	MESH:D000085583
9867744	452	465	iron overload	MESH:D019190
9867744	533	542	cirrhosis	MESH:D005355
9867744	682	697	hemochromatosis	MESH:D006432
9867744	793	808	hemochromatosis	MESH:D006432
9867744	869	876	disease	MESH:D004194
9867744	904	919	hemochromatosis	MESH:D006432
9867744	927	944	hepatic cirrhosis	MESH:D008103
9867744	935	944	cirrhosis	MESH:D005355
9867744	999	1014	chronic disease	MESH:D002908
9867744	1007	1014	disease	MESH:D004194
9482572	69	77	aniridia	MESH:D015783
9482572	120	134	Peters anomaly	MESH:C537884
9482572	152	161	cataracts	MESH:D002386
9482572	168	186	autosomal dominant	MESH:C566739
9482572	187	196	keratitis	MESH:D007634
9482572	295	303	aniridia	MESH:D015783
9674906	0	24	Schwartz-Jampel syndrome	MESH:D010009
9674906	16	24	syndrome	MESH:D013577
9674906	36	60	Stuve-Wiedemann syndrome	MESH:C537502
9674906	42	60	Wiedemann syndrome	MESH:D001506
9674906	180	204	Schwartz-Jampel syndrome	MESH:D010009
9674906	196	204	syndrome	MESH:D013577
9674906	206	209	SJS	MESH:D010009
9674906	214	222	myotonia	MESH:D009222
9674906	263	266	SJS	MESH:D010009
9674906	315	329	rare condition	MESH:D035583
9674906	335	359	Stuve-Wiedemann syndrome	MESH:C537502
9674906	341	359	Wiedemann syndrome	MESH:D001506
9674906	351	359	syndrome	MESH:D013577
9674906	361	364	SWS	MESH:C537502
9674906	428	440	contractures	MESH:D003286
9674906	452	457	death	MESH:D003643
9674906	621	624	SJS	MESH:D010009
9674906	665	668	SWS	MESH:C537502
9674906	729	732	SJS	MESH:D010009
9674906	736	739	SWS	MESH:C537502
9674906	786	814	onset neuromuscular disorder	MESH:D020879
9674906	792	814	neuromuscular disorder	MESH:D009468
9674906	838	850	contractures	MESH:D003286
9674906	868	888	feeding difficulties	MESH:D001068
9674906	902	914	hyperthermia	MESH:D000084462
9674906	929	934	death	MESH:D003643
9674906	963	1004	campomelic-metaphyseal skeletal dysplasia	MESH:D055036
9674906	1206	1220	bone dysplasia	MESH:D001848
9674906	1251	1254	SJS	MESH:D010009
9674906	1272	1275	SWS	MESH:C537502
9674906	1365	1368	SWS	MESH:C537502
9674906	1373	1376	SJS	MESH:D010009
9536083	208	222	ovarian cancer	MESH:D010051
9536083	216	222	cancer	MESH:D009369
9536083	936	950	ovarian cancer	MESH:D010051
9536083	944	950	cancer	MESH:D009369
9400934	59	73	retinoblastoma	MESH:D012175
9400934	151	165	retinoblastoma	MESH:D012175
9400934	210	225	retinal tumours	MESH:D019572
9400934	366	380	pineal tumours	MESH:D010871
9400934	753	767	retinoblastoma	MESH:D012175
9729124	31	59	congenital chloride diarrhea	MESH:C536210
9729124	51	59	diarrhea	MESH:D003967
9729124	72	100	Congenital chloride diarrhea	MESH:C536210
9729124	92	100	diarrhea	MESH:D003967
9729124	780	787	disease	MESH:D004194
9729124	971	987	Pendred syndrome	MESH:C536648
9729124	979	987	syndrome	MESH:D013577
9585605	30	47	Angelman syndrome	MESH:D017204
9585605	39	47	syndrome	MESH:D013577
9585605	58	75	Angelman syndrome	MESH:D017204
9585605	67	75	syndrome	MESH:D013577
9585605	77	79	AS	MESH:D017204
9585605	157	175	uniparental disomy	MESH:D024182
9585605	177	180	UPD	MESH:D024182
9585605	189	207	imprinting defects	MESH:D000096803
9585605	402	404	AS	MESH:D017204
9585605	981	983	AS	MESH:D017204
9585605	1025	1027	AS	MESH:D017204
9585605	1067	1069	AS	MESH:D017204
9360520	0	18	Autosomal dominant	MESH:C566739
9360520	19	54	neurohypophyseal diabetes insipidus	MESH:D020790
9360520	36	54	diabetes insipidus	MESH:D003919
9360520	131	149	Autosomal dominant	MESH:C566739
9360520	150	185	neurohypophyseal diabetes insipidus	MESH:D020790
9360520	167	185	diabetes insipidus	MESH:D003919
9360520	200	217	inherited disease	MESH:D030342
9360520	210	217	disease	MESH:D004194
9360520	453	471	diabetes insipidus	MESH:D003919
9360520	515	522	disease	MESH:D004194
9360520	1115	1119	spot	MESH:D008796
9360520	1187	1214	inherited neurodegeneration	MESH:D020271
9709714	19	46	hypertrophic cardiomyopathy	MESH:D002312
9709714	32	46	cardiomyopathy	MESH:D009202
9709714	364	380	VLCAD deficiency	MESH:C536353
9709714	431	458	hypertrophic cardiomyopathy	MESH:D002312
9709714	444	458	cardiomyopathy	MESH:D009202
9709714	460	472	hepatomegaly	MESH:D006529
9709714	474	488	encephalopathy	MESH:D001927
9709714	494	503	hypotonia	MESH:D009123
9709714	535	551	VLCAD deficiency	MESH:C536353
9709714	922	945	ventricular hypertrophy	MESH:D017379
9709714	934	945	hypertrophy	MESH:D006984
9709714	1061	1077	VLCAD deficiency	MESH:C536353
9709714	1149	1163	cardiomyopathy	MESH:D009202
9600235	47	53	ataxia	MESH:D001259
9600235	47	68	ataxia-telangiectasia	MESH:D001260
9600235	54	68	telangiectasia	MESH:D013684
9600235	165	168	A-T	MESH:D001260
9600235	290	297	disease	MESH:D004194
9600235	298	304	ataxia	MESH:D001259
9600235	298	319	ataxia-telangiectasia	MESH:D001260
9600235	305	319	telangiectasia	MESH:D013684
9600235	321	324	A-T	MESH:D001260
9600235	359	366	disease	MESH:D004194
9600235	401	404	A-T	MESH:D001260
9600235	555	558	A-T	MESH:D001260
9770531	56	76	renal cell carcinoma	MESH:D002292
9770531	67	76	carcinoma	MESH:D002277
9770531	96	118	type von Hippel-Lindau	MESH:D006623
9770531	161	178	von Hippel-Lindau	MESH:D006623
9770531	180	183	VHL	MESH:D006623
9770531	195	209	carcinogenesis	MESH:D063646
9770531	219	239	renal cell carcinoma	MESH:D002292
9770531	230	239	carcinoma	MESH:D002277
9770531	280	289	type VHL-	MESH:D006623
9770531	285	288	VHL	MESH:D006623
9770531	670	678	type VHL	MESH:D006623
9770531	675	678	VHL	MESH:D006623
9770531	750	770	renal cell carcinoma	MESH:D002292
9770531	761	770	carcinoma	MESH:D002277
9770531	919	922	VHL	MESH:D006623
9770531	1178	1185	cancers	MESH:D009369
9770531	1358	1364	cancer	MESH:D009369
9385378	46	87	N-acetylgalactosamine-6-sulfate sulfatase	MESH:D009087
9385378	96	117	mucopolysaccharidosis	MESH:D009083
9385378	96	121	mucopolysaccharidosis IVA	MESH:D009085
9385378	123	144	Mucopolysaccharidosis	MESH:D009083
9385378	123	148	Mucopolysaccharidosis IVA	MESH:D009085
9385378	150	157	MPS IVA	MESH:D009085
9385378	185	211	lysosomal storage disorder	MESH:D016464
9385378	224	238	genetic defect	MESH:D030342
9385378	242	283	N-acetylgalactosamine-6-sulfate sulfatase	MESH:D009087
9385378	498	505	MPS IVA	MESH:D009085
9385378	772	779	MPS IVA	MESH:D009085
9603435	139	153	gangliosidosis	MESH:D005733
9603435	285	302	Tay-Sachs disease	MESH:D013661
9603435	295	302	disease	MESH:D004194
9603435	304	307	TSD	MESH:D013661
9603435	345	359	gangliosidosis	MESH:D005733
9603435	744	758	gangliosidosis	MESH:D005733
9603435	838	845	disease	MESH:D004194
9603435	1470	1473	TSD	MESH:D013661
9294109	0	18	Myotonic dystrophy	MESH:D009223
9294109	114	132	Myotonic dystrophy	MESH:D009223
9294109	158	175	muscular disorder	MESH:D009135
9618170	77	108	X-linked dilated cardiomyopathy	MESH:C580047
9618170	86	108	dilated cardiomyopathy	MESH:D002311
9618170	94	108	cardiomyopathy	MESH:D009202
9618170	110	141	X-linked dilated cardiomyopathy	MESH:C580047
9618170	119	141	dilated cardiomyopathy	MESH:D002311
9618170	127	141	cardiomyopathy	MESH:D009202
9618170	143	148	XLDCM	MESH:C580047
9618170	301	309	myopathy	MESH:D009135
9618170	345	372	Duchenne muscular dystrophy	MESH:D020388
9618170	354	372	muscular dystrophy	MESH:D009136
9618170	422	427	XLDCM	MESH:C580047
9618170	508	513	XLDCM	MESH:C580047
9618170	659	664	XLDCM	MESH:C580047
9618170	1151	1156	XLDCM	MESH:C580047
9585583	25	49	Saethre-Chotzen syndrome	MESH:D000168
9585583	41	49	syndrome	MESH:D013577
9585583	131	155	Saethre-Chotzen syndrome	MESH:D000168
9585583	147	155	syndrome	MESH:D013577
9585583	166	184	autosomal dominant	MESH:C566739
9585583	198	214	craniosynostosis	MESH:D003398
9585583	561	585	Saethre-Chotzen syndrome	MESH:D000168
9585583	577	585	syndrome	MESH:D013577
9585583	845	863	coronal synostosis	MESH:D003398
9585583	853	863	synostosis	MESH:D013580
9585583	865	878	brachycephaly	MESH:D003398
9585583	902	918	facial asymmetry	MESH:D005146
9585583	928	941	hypertelorism	MESH:D006972
9585583	1197	1223	craniosynostotic condition	MESH:D003398
9585583	1232	1247	Saethre-Chotzen	MESH:D000168
9585583	1262	1280	Pfeiffer syndromes	MESH:D000168
9585583	1271	1280	syndromes	MESH:D013577
9371490	47	62	prostate cancer	MESH:D011471
9371490	56	62	cancer	MESH:D009369
9371490	73	91	prostate carcinoma	MESH:D011471
9371490	82	91	carcinoma	MESH:D002277
9371490	116	122	cancer	MESH:D009369
9371490	230	236	cancer	MESH:D009369
9371490	387	402	prostate cancer	MESH:D011471
9371490	396	402	cancer	MESH:D009369
9371490	526	531	tumor	MESH:D009369
9371490	667	682	prostate cancer	MESH:D011471
9371490	676	682	cancer	MESH:D009369
9371490	710	725	prostate tumors	MESH:D011471
9371490	719	725	tumors	MESH:D009369
9371490	1065	1071	tumors	MESH:D009369
9371490	1149	1164	prostate cancer	MESH:D011471
9371490	1158	1164	cancer	MESH:D009369
9521421	27	48	mucopolysaccharidosis	MESH:D009083
9521421	27	52	mucopolysaccharidosis IVA	MESH:D009085
9521421	173	194	Mucopolysaccharidosis	MESH:D009083
9521421	173	198	Mucopolysaccharidosis IVA	MESH:D009085
9521421	200	207	MPS IVA	MESH:D009085
9521421	235	261	lysosomal storage disorder	MESH:D016464
9521421	274	288	genetic defect	MESH:D030342
9521421	292	333	N-acetylgalactosamine-6-sulfate sulfatase	MESH:D009087
9521421	476	483	MPS IVA	MESH:D009085
9521421	593	600	MPS IVA	MESH:D009085
9521421	1889	1896	MPS IVA	MESH:D009085
9852676	57	75	myotonic dystrophy	MESH:D009223
9852676	144	162	myotonic dystrophy	MESH:D009223
9852676	1265	1283	Friedreichs ataxia	MESH:D005621
9852676	1277	1283	ataxia	MESH:D001259
9425228	52	60	melanoma	MESH:D008545
9425228	98	115	Familial Melanoma	MESH:D000096142
9425228	107	115	Melanoma	MESH:D008545
9425228	208	216	melanoma	MESH:D008545
9425228	314	329	French melanoma	MESH:D008546
9425228	321	329	melanoma	MESH:D008545
9425228	949	966	familial melanoma	MESH:D000096142
9425228	958	966	melanoma	MESH:D008545
9425228	1010	1018	melanoma	MESH:D008545
9425228	1010	1031	melanoma-predisposing	MESH:D000096142
9888388	50	62	gene defects	MESH:D030342
9888388	66	91	hereditary coproporphyria	MESH:D046349
9888388	77	91	coproporphyria	MESH:C535469
9888388	113	138	Hereditary coproporphyria	MESH:D046349
9888388	124	138	coproporphyria	MESH:C535469
9888388	156	173	hepatic porphyria	MESH:D017094
9888388	164	173	porphyria	MESH:D011164
9888388	179	197	autosomal dominant	MESH:C566739
9888388	311	318	disease	MESH:D004194
9888388	357	381	neurological dysfunction	MESH:D009461
9888388	450	469	infectious diseases	MESH:D003141
9888388	461	469	diseases	MESH:D004194
9888388	476	492	photosensitivity	OMIM:132100
9888388	1971	1983	gene defects	MESH:D030342
9585611	46	72	adenomatous polyposis coli	MESH:D011125
9585611	101	106	tumor	MESH:D009369
9585611	151	177	adenomatous polyposis coli	MESH:D011125
9585611	179	183	AAPC	MESH:D011125
9585611	199	229	familial adenomatous polyposis	MESH:D011125
9585611	231	234	FAP	MESH:D011125
9585611	237	241	AAPC	MESH:D011125
9585611	291	299	adenomas	MESH:D000236
9585611	321	338	colorectal cancer	MESH:D015179
9585611	332	338	cancer	MESH:D009369
9585611	428	432	AAPC	MESH:D011125
9585611	569	573	AAPC	MESH:D011125
9585611	899	918	colorectal adenomas	MESH:D015179
9585611	910	918	adenomas	MESH:D000236
9585611	1132	1140	adenomas	MESH:D000236
9585611	1260	1264	AAPC	MESH:D011125
9585611	1305	1324	colorectal adenomas	MESH:D015179
9585611	1316	1324	adenomas	MESH:D000236
9585611	1336	1341	polyp	MESH:D011127
9585611	1367	1381	desmoid tumors	MESH:D018222
9585611	1375	1381	tumors	MESH:D009369
9585611	1438	1442	AAPC	MESH:D011125
9585611	1631	1634	FAP	MESH:D011125
9724771	55	72	colorectal tumors	MESH:D015179
9724771	66	72	tumors	MESH:D009369
9724771	122	152	familial adenomatous polyposis	MESH:D011125
9724771	154	157	FAP	MESH:D011125
9724771	180	198	autosomal dominant	MESH:C566739
9724771	199	206	disease	MESH:D004194
9724771	252	271	colorectal adenomas	MESH:D015179
9724771	263	271	adenomas	MESH:D000236
9724771	276	285	carcinoma	MESH:D002277
9724771	359	362	FAP	MESH:D011125
9724771	377	403	adenomatous polyposis coli	MESH:D011125
9724771	495	521	adenomatous polyposis coli	MESH:D011125
9724771	549	568	colorectal adenomas	MESH:D015179
9724771	560	568	adenomas	MESH:D000236
9724771	638	641	FAP	MESH:D011125
9724771	683	691	adenomas	MESH:D000236
9724771	926	943	colorectal tumors	MESH:D015179
9724771	937	943	tumors	MESH:D009369
9724771	964	972	adenomas	MESH:D000236
9724771	1041	1060	colorectal adenomas	MESH:D015179
9724771	1052	1060	adenomas	MESH:D000236
9724771	1068	1077	carcinoma	MESH:D002277
9724771	1404	1410	polyps	MESH:D011127
9724771	1558	1577	colorectal adenomas	MESH:D015179
9724771	1569	1577	adenomas	MESH:D000236
9724771	1582	1591	carcinoma	MESH:D002277
9724771	1639	1642	FAP	MESH:D011125
9724771	1677	1694	colorectal cancer	MESH:D015179
9724771	1688	1694	cancer	MESH:D009369
9585606	4	19	hemochromatosis	MESH:D006432
9585606	96	111	Hemochromatosis	MESH:D006432
9585606	117	135	inherited disorder	MESH:D030342
9585606	127	143	disorder of iron	MESH:D000090463
9585606	127	154	disorder of iron metabolism	MESH:D019189
9585606	192	205	iron overload	MESH:D019190
9585606	220	225	death	MESH:D003643
9585606	231	246	hemochromatosis	MESH:D006432
9585606	473	488	hemochromatosis	MESH:D006432
9703501	88	102	ovarian cancer	MESH:D010051
9703501	96	102	cancer	MESH:D009369
9689113	24	46	von Willebrand disease	MESH:D014842
9689113	39	46	disease	MESH:D004194
9689113	74	84	thrombosis	MESH:D013927
9689113	86	100	von Willebrand	MESH:D014842
9689113	139	161	von Willebrand disease	MESH:D014842
9689113	154	161	disease	MESH:D004194
9689113	209	216	disease	MESH:D004194
9689113	353	367	von Willebrand	MESH:D014842
9689113	353	378	von Willebrand antigen II	MESH:D056728
9689113	542	550	bleeding	MESH:D006470
9689113	638	645	disease	MESH:D004194
9689113	769	779	thrombosis	MESH:D013927
9689113	835	850	vascular injury	MESH:D057772
9689113	844	850	injury	MESH:D014947
9689113	1085	1107	von Willebrand disease	MESH:D014842
9689113	1100	1107	disease	MESH:D004194
9689113	1194	1201	disease	MESH:D004194
9448273	4	21	von Hippel-Lindau	MESH:D006623
9448273	22	27	tumor	MESH:D009369
9448273	123	140	von Hippel-Lindau	MESH:D006623
9448273	142	145	VHL	MESH:D006623
9448273	147	152	tumor	MESH:D009369
9448273	215	218	VHL	MESH:D006623
9448273	215	234	VHL cancer syndrome	MESH:D006623
9448273	219	225	cancer	MESH:D009369
9448273	226	234	syndrome	MESH:D013577
9448273	267	288	renal cell carcinomas	MESH:D002292
9448273	278	288	carcinomas	MESH:D002277
9448273	290	293	RCC	MESH:D002292
9448273	305	322	hemangioblastomas	MESH:D018325
9448273	324	327	VHL	MESH:D006623
9448273	343	346	RCC	MESH:D002292
9448273	427	430	VHL	MESH:D006623
9448273	571	577	cancer	MESH:D009369
9448273	687	695	type VHL	MESH:D006623
9448273	692	695	VHL	MESH:D006623
9448273	725	728	VHL	MESH:D006623
9448273	738	741	RCC	MESH:D002292
9448273	742	748	cancer	MESH:D009369
9448273	821	824	VHL	MESH:D006623
9448273	838	841	VHL	MESH:D006623
9448273	851	854	RCC	MESH:D002292
9448273	1007	1010	VHL	MESH:D006623
9448273	1094	1102	type VHL	MESH:D006623
9448273	1099	1102	VHL	MESH:D006623
9448273	1200	1205	tumor	MESH:D009369
9448273	1265	1273	type VHL	MESH:D006623
9448273	1270	1273	VHL	MESH:D006623
9448273	1287	1290	VHL	MESH:D006623
9448273	1304	1309	tumor	MESH:D009369
9703418	98	111	C9 deficiency	MESH:C565165
9703418	191	212	complement deficiency	MESH:D000081208
9703418	288	301	C9 deficiency	MESH:C565165
9703418	363	387	meningococcal meningitis	MESH:D008585
9703418	377	387	meningitis	MESH:D008581
9703418	882	895	C9 deficiency	MESH:C565165
9848786	6	36	complement factor H deficiency	MESH:C562875
9848786	53	78	hemolytic uremic syndrome	MESH:D006463
9848786	70	78	syndrome	MESH:D013577
9848786	204	223	acute renal disease	MESH:D058186
9848786	210	223	renal disease	MESH:D007674
9848786	216	223	disease	MESH:D004194
9848786	296	321	hemolytic uremic syndrome	MESH:D006463
9848786	313	321	syndrome	MESH:D013577
9848786	323	326	HUS	MESH:D006463
9848786	891	910	Factor H deficiency	MESH:C562875
9848786	923	944	complement deficiency	MESH:D000081208
9848786	961	964	HUS	MESH:D006463
9848786	1061	1064	HUS	MESH:D006463
9342365	174	188	ovarian cancer	MESH:D010051
9342365	182	188	cancer	MESH:D009369
9342365	241	246	tumor	MESH:D009369
9342365	1403	1408	tumor	MESH:D009369
9521325	42	77	idiopathic ventricular fibrillation	MESH:C537182
9521325	53	77	ventricular fibrillation	MESH:D014693
9521325	79	103	Ventricular fibrillation	MESH:D014693
9521325	130	143	sudden deaths	MESH:D003645
9521325	137	143	deaths	MESH:D003643
9521325	328	363	idiopathic ventricular fibrillation	MESH:C537182
9521325	339	363	ventricular fibrillation	MESH:D014693
9521325	365	368	IVF	MESH:C537182
9521325	391	394	IVF	MESH:C537182
9521325	552	564	sudden death	MESH:D003645
9521325	559	564	death	MESH:D003643
9521325	604	607	IVF	MESH:C537182
9521325	640	643	IVF	MESH:C537182
9521325	954	957	IVF	MESH:C537182
9521325	1258	1261	IVF	MESH:C537182
9869602	98	115	colorectal cancer	MESH:D015179
9869602	109	115	cancer	MESH:D009369
9869602	204	221	colorectal cancer	MESH:D015179
9869602	215	221	cancer	MESH:D009369
9869602	348	365	colorectal cancer	MESH:D015179
9869602	359	365	cancer	MESH:D009369
9869602	484	501	colorectal cancer	MESH:D015179
9869602	495	501	cancer	MESH:D009369
9869602	636	645	neoplasia	MESH:D009369
9869602	777	794	colorectal cancer	MESH:D015179
9869602	788	794	cancer	MESH:D009369
9869602	947	953	cancer	MESH:D009369
9869602	1024	1030	cancer	MESH:D009369
9869602	1037	1057	Colorectal neoplasia	MESH:D015179
9869602	1048	1057	neoplasia	MESH:D009369
9869602	1198	1207	neoplasia	MESH:D009369
9869602	1307	1314	cancers	MESH:D009369
9869602	1381	1398	colorectal cancer	MESH:D015179
9869602	1392	1398	cancer	MESH:D009369
9336417	18	40	ankylosing spondylitis	MESH:D013167
9336417	29	40	spondylitis	MESH:D013166
9336417	199	221	ankylosing spondylitis	MESH:D013167
9336417	210	221	spondylitis	MESH:D013166
9336417	223	225	AS	MESH:D013167
9336417	248	250	AS	MESH:D013167
9336417	304	322	Rheumatic Diseases	MESH:D012216
9336417	314	322	Diseases	MESH:D004194
9336417	415	422	disease	MESH:D004194
9336417	808	810	AS	MESH:D013167
9336417	863	870	disease	MESH:D004194
9336417	1055	1062	disease	MESH:D004194
9336417	1084	1091	disease	MESH:D004194
9336417	1131	1138	disease	MESH:D004194
9336417	1235	1242	disease	MESH:D004194
9336417	1272	1279	disease	MESH:D004194
9336417	1512	1514	AS	MESH:D013167
9336417	1588	1595	disease	MESH:D004194
9336417	1667	1689	genetic susceptibility	MESH:D020022
9336417	1693	1695	AS	MESH:D013167
9731533	25	31	cancer	MESH:D009369
9731533	132	162	familial adenomatous polyposis	MESH:D011125
9731533	164	167	FAP	MESH:D011125
9731533	189	207	autosomal dominant	MESH:C566739
9731533	243	260	intestinal polyps	MESH:D007417
9731533	254	260	polyps	MESH:D011127
9731533	316	333	colorectal cancer	MESH:D015179
9731533	327	333	cancer	MESH:D009369
9731533	335	338	CRC	MESH:D015179
9731533	741	744	CRC	MESH:D015179
9731533	789	795	cancer	MESH:D009369
9731533	909	916	cancers	MESH:D009369
9465039	4	19	hemochromatosis	MESH:D006432
9465039	196	211	hemochromatosis	MESH:D006432
9465039	1995	2010	hemochromatosis	MESH:D006432
9457913	142	191	generalized atrophic benign epidermolysis bullosa	MESH:D016109
9457913	170	191	epidermolysis bullosa	MESH:D004820
9457913	207	256	generalized atrophic benign epidermolysis bullosa	MESH:D016109
9457913	235	256	epidermolysis bullosa	MESH:D004820
9457913	451	500	generalized atrophic benign epidermolysis bullosa	MESH:D016109
9457913	479	500	epidermolysis bullosa	MESH:D004820
9463318	35	53	myotonic dystrophy	MESH:D009223
9463318	318	336	myotonic dystrophy	MESH:D009223
9463318	963	970	disease	MESH:D004194
9425239	77	95	myotonic dystrophy	MESH:D009223
9425239	127	145	myotonic dystrophy	MESH:D009223
9425239	644	651	disease	MESH:D004194
9425239	1053	1071	myotonic dystrophy	MESH:D009223
9973276	0	30	Inherited colorectal polyposis	MESH:D011125
9973276	35	41	cancer	MESH:D009369
9973276	162	178	colorectal tumor	MESH:D015179
9973276	173	178	tumor	MESH:D009369
9973276	192	222	familial adenomatous polyposis	MESH:D011125
9973276	223	231	syndrome	MESH:D013577
9973276	245	270	colorectal carcinogenesis	MESH:D015179
9973276	256	270	carcinogenesis	MESH:D063646
9973276	496	521	colorectal carcinogenesis	MESH:D015179
9973276	507	521	carcinogenesis	MESH:D063646
9973276	600	618	adenomatous polyps	MESH:D018256
9973276	612	618	polyps	MESH:D011127
9973276	627	644	colorectal cancer	MESH:D015179
9973276	638	644	cancer	MESH:D009369
9973276	904	924	colorectal neoplasia	MESH:D015179
9973276	915	924	neoplasia	MESH:D009369
9973276	1026	1034	adenomas	MESH:D000236
9973276	1039	1057	colorectal cancers	MESH:D015179
9973276	1050	1057	cancers	MESH:D009369
9973276	1179	1186	adenoma	MESH:D000236
9973276	1256	1273	colorectal cancer	MESH:D015179
9973276	1267	1273	cancer	MESH:D009369
9973276	1507	1524	colorectal cancer	MESH:D015179
9973276	1518	1524	cancer	MESH:D009369
9927033	37	61	hematological malignancy	MESH:D019337
9927033	51	61	malignancy	MESH:D009369
9927033	66	83	neurofibromatosis	MESH:D017253
9927033	66	90	neurofibromatosis type 1	MESH:D009456
9927033	166	207	hereditary nonpolyposis colorectal cancer	MESH:D003123
9927033	190	207	colorectal cancer	MESH:D015179
9927033	201	207	cancer	MESH:D009369
9927033	213	220	disease	MESH:D004194
9927033	213	235	disease susceptibility	MESH:D004198
9927033	352	393	hereditary nonpolyposis colorectal cancer	MESH:D003123
9927033	376	393	colorectal cancer	MESH:D015179
9927033	387	393	cancer	MESH:D009369
9927033	415	439	hematological malignancy	MESH:D019337
9927033	429	439	malignancy	MESH:D009369
9927033	505	522	neurofibromatosis	MESH:D017253
9927033	505	529	neurofibromatosis type 1	MESH:D009456
9927033	531	534	NF1	MESH:D009456
9927033	727	753	mismatch repair deficiency	MESH:C536928
9927033	802	810	leukemia	MESH:D007938
9927033	818	826	lymphoma	MESH:D008223
9927033	843	860	neurofibromatosis	MESH:D017253
9927033	843	867	neurofibromatosis type 1	MESH:D009456
9800909	56	76	cognitive impairment	MESH:D060825
9800909	80	107	Duchenne muscular dystrophy	MESH:D020388
9800909	89	107	muscular dystrophy	MESH:D009136
9800909	205	232	Duchenne muscular dystrophy	MESH:D020388
9800909	214	232	muscular dystrophy	MESH:D009136
9800909	234	237	DMD	MESH:D020388
9800909	288	308	cognitive impairment	MESH:D060825
9800909	326	329	DMD	MESH:D020388
9800909	481	484	DMD	MESH:D020388
9800909	912	932	cognitive impairment	MESH:D060825
9800909	1168	1171	DMD	MESH:D020388
9800909	1226	1246	cognitive impairment	MESH:D060825
9800909	1263	1266	DMD	MESH:D020388
9861003	52	65	mental health	MESH:D001523
9861003	105	122	bipolar affective	MESH:D001714
9861003	105	131	bipolar affective disorder	MESH:C564108
9861003	113	131	affective disorder	MESH:D019964
9861003	159	176	Bipolar affective	MESH:D001714
9861003	159	185	Bipolar affective disorder	MESH:C564108
9861003	167	185	affective disorder	MESH:D019964
9861003	187	191	BPAD	MESH:C564108
9861003	193	199	manic-	MESH:D000087122
9861003	193	217	manic-depressive illness	MESH:C564108
9861003	199	217	depressive illness	MESH:D003866
9861003	251	256	mania	MESH:D000087122
9861003	264	273	hypomania	MESH:D000087122
9861003	409	413	BPAD	MESH:C564108
9861003	544	548	BPAD	MESH:C564108
9861003	651	655	BPAD	MESH:C564108
9861003	694	711	genetic disorders	MESH:D030342
9861003	721	734	mental health	MESH:D001523
9861003	760	780	psychiatric disorder	MESH:D001523
9861003	932	936	BPAD	MESH:C564108
9861003	1334	1347	mental health	MESH:D001523
9861003	1484	1488	BPAD	MESH:C564108
9861003	1515	1534	affective disorders	MESH:D019964
932197	279	307	systemic lupus erythematosus	MESH:D008180
932197	637	644	disease	MESH:D004194
932197	983	996	C5 deficiency	MESH:C537005
932197	1619	1648	membranous glomerulonephritis	MESH:D015433
932197	1630	1648	glomerulonephritis	MESH:D005921
932197	1650	1660	vasculitis	MESH:D014657
932197	1666	1675	arthritis	MESH:D001168
932197	1769	1789	bacterial infections	MESH:D001424
932197	1779	1789	infections	MESH:D007239
932197	2014	2026	leukocytosis	MESH:D007964
932197	2043	2052	infection	MESH:D007239
9439660	42	48	ataxia	MESH:D001259
9439660	42	63	ataxia-telangiectasia	MESH:D001260
9439660	49	63	telangiectasia	MESH:D013684
9439660	152	158	ataxia	MESH:D001259
9439660	152	173	ataxia-telangiectasia	MESH:D001260
9439660	159	173	telangiectasia	MESH:D013684
9439660	175	178	A-T	MESH:D001260
9439660	256	264	syndrome	MESH:D013577
9439660	381	391	malignancy	MESH:D009369
9439660	455	458	A-T	MESH:D001260
9439660	470	476	cancer	MESH:D009369
9439660	621	624	A-T	MESH:D001260
9439660	647	650	A-T	MESH:D001260
9439660	840	843	A-T	MESH:D001260
9439660	1092	1095	A-T	MESH:D001260
9439660	1221	1228	cancers	MESH:D009369
9439660	1301	1306	tumor	MESH:D009369
9856498	23	36	C6 deficiency	MESH:C567307
9856498	210	231	Meningococcal disease	MESH:D008589
9856498	224	231	disease	MESH:D004194
9856498	289	302	C6 deficiency	MESH:C567307
9856498	343	360	recurrent disease	MESH:D012008
9856498	353	360	disease	MESH:D004194
9744473	53	81	metachromatic leukodystrophy	MESH:D007966
9744473	83	112	Deficiency of arylsulfatase A	MESH:D007966
9744473	143	171	metachromatic leukodystrophy	MESH:D007966
9744473	173	176	MLD	MESH:D007966
9744473	227	230	MLD	MESH:D007966
9744473	320	323	MLD	MESH:D007966
9744473	750	753	MLD	MESH:D007966
9450866	0	10	Piebaldism	MESH:D016116
9450866	16	24	deafness	MESH:D003638
9450866	61	69	syndrome	MESH:D013577
9450866	122	132	piebaldism	MESH:D016116
9450866	157	179	sensorineural deafness	MESH:D006319
9450866	171	179	deafness	MESH:D003638
9450866	306	314	oncogene	MESH:D063646
9450866	396	404	spotting	MESH:D008796
9450866	431	439	deafness	MESH:D003638
9450866	464	474	piebaldism	MESH:D016116
9450866	500	522	sensorineural deafness	MESH:D006319
9450866	514	522	deafness	MESH:D003638
9450866	584	594	piebaldism	MESH:D016116
9450866	675	685	piebaldism	MESH:D016116
9450866	711	731	Waardenburg syndrome	MESH:D014849
9450866	723	731	syndrome	MESH:D013577
9497246	78	91	breast cancer	MESH:D001943
9497246	85	91	cancer	MESH:D009369
9497246	106	119	Breast Cancer	MESH:D001943
9497246	113	119	Cancer	MESH:D009369
9497246	189	202	breast cancer	MESH:D001943
9497246	196	202	cancer	MESH:D009369
9497246	299	312	breast cancer	MESH:D001943
9497246	306	312	cancer	MESH:D009369
9497246	331	344	Breast Cancer	MESH:D001943
9497246	338	344	Cancer	MESH:D009369
9497246	441	448	cancers	MESH:D009369
9497246	459	466	disease	MESH:D004194
9497246	688	702	ovarian cancer	MESH:D010051
9497246	696	702	cancer	MESH:D009369
9497246	826	839	breast cancer	MESH:D001943
9497246	833	839	cancer	MESH:D009369
9497246	981	994	breast cancer	MESH:D001943
9497246	988	994	cancer	MESH:D009369
9497246	1183	1190	disease	MESH:D004194
9497246	1616	1629	breast cancer	MESH:D001943
9497246	1623	1629	cancer	MESH:D009369
9497246	1736	1750	ovarian cancer	MESH:D010051
9497246	1744	1750	cancer	MESH:D009369
9497246	1863	1876	breast cancer	MESH:D001943
9497246	1870	1876	cancer	MESH:D009369
9620771	19	26	obesity	MESH:D009765
9620771	28	49	adrenal insufficiency	MESH:D000309
9620771	702	709	obesity	MESH:D009765
9620771	821	828	obesity	MESH:D009765
9620771	1001	1008	obesity	MESH:D009765
9620771	1476	1490	genetic defect	MESH:D030342
9620771	1539	1557	endocrine disorder	MESH:D004700
9620771	1583	1590	obesity	MESH:D009765
9620771	1592	1613	adrenal insufficiency	MESH:D000309
9420335	4	9	tumor	MESH:D009369
9420335	150	155	tumor	MESH:D009369
9420335	254	272	pancreatic cancers	MESH:D010190
9420335	265	272	cancers	MESH:D009369
9420335	475	493	Growth retardation	MESH:D006130
9420335	650	660	tetraploid	MESH:D057891
9888390	25	40	arylsulfatase A	MESH:D007966
9888390	92	120	metachromatic leukodystrophy	MESH:D007966
9888390	239	267	metachromatic leukodystrophy	MESH:D007966
9888390	269	272	MLD	MESH:D007966
9888390	312	327	arylsulfatase A	MESH:D007966
9888390	329	333	ARSA	MESH:D007966
9888390	533	537	ARSA	MESH:D007966
9888390	572	575	MLD	MESH:D007966
9888390	672	676	ARSA	MESH:D007966
9888390	1289	1292	MLD	MESH:D007966
9888390	1353	1357	ARSA	MESH:D007966
9888390	1440	1443	MLD	MESH:D007966
9888390	1468	1472	ARSA	MESH:D007966
9888390	1468	1489	ARSA pseudodeficiency	MESH:D007966
9888390	1557	1560	MLD	MESH:D007966
9888390	1566	1570	ARSA	MESH:D007966
9888390	1620	1627	disease	MESH:D004194
9888390	1710	1714	ARSA	MESH:D007966
9888390	1827	1831	ARSA	MESH:D007966
9888390	1880	1887	disease	MESH:D004194
941901	202	210	melanoma	MESH:D008545
941901	266	283	having deficiency	MESH:C535310
941901	347	364	Tay-Sachs disease	MESH:D013661
941901	357	364	disease	MESH:D004194
941901	366	369	TSD	MESH:D013661
941901	738	741	TSD	MESH:D013661
941901	972	975	TSD	MESH:D013661
941901	1114	1117	TSD	MESH:D013661
9590284	18	39	Prader-Willi syndrome	MESH:D011218
9590284	31	39	syndrome	MESH:D013577
9590284	31	50	syndrome imprinting	MESH:D000096803
9590284	283	304	Prader-Willi syndrome	MESH:D011218
9590284	296	304	syndrome	MESH:D013577
9590284	306	309	PWS	MESH:D011218
9590284	373	376	PWS	MESH:D011218
9590284	546	549	PWS	MESH:D011218
9590284	617	620	PWS	MESH:D011218
9590284	754	757	PWS	MESH:D011218
9457914	62	111	generalized atrophic benign epidermolysis bullosa	MESH:D016109
9457914	90	111	epidermolysis bullosa	MESH:D004820
9457914	173	222	generalized atrophic benign epidermolysis bullosa	MESH:D016109
9457914	201	222	epidermolysis bullosa	MESH:D004820
9457914	252	284	junctional epidermolysis bullosa	MESH:D016109
9457914	263	284	epidermolysis bullosa	MESH:D004820
9457914	291	313	generalized blistering	MESH:D001768
9457914	331	346	patchy alopecia	MESH:C531609
9457914	338	346	alopecia	MESH:D000505
9457914	524	573	generalized atrophic benign epidermolysis bullosa	MESH:D016109
9457914	552	573	epidermolysis bullosa	MESH:D004820
9457914	873	877	spot	MESH:D008796
9843038	65	90	hereditary coproporphyria	MESH:D046349
9843038	76	90	coproporphyria	MESH:C535469
9843038	99	124	Hereditary coproporphyria	MESH:D046349
9843038	110	124	coproporphyria	MESH:C535469
9843038	126	129	HCP	MESH:D046349
9843038	137	155	autosomal dominant	MESH:C566739
9843038	156	163	disease	MESH:D004194
9843038	183	223	deficiency of coproporphyrinogen oxidase	MESH:D046349
9843038	320	323	HCP	MESH:D046349
9843038	907	910	TIC	MESH:D020323
9843038	931	934	TIC	MESH:D020323
9843038	949	952	TIC	MESH:D020323
9843038	965	968	TIC	MESH:D020323
993342	352	379	connective tissue disorders	MESH:D003240
993342	453	466	C2 deficiency	OMIM:217000
993342	512	525	C2 deficiency	OMIM:217000
993342	603	616	C2 deficiency	OMIM:217000
993342	734	747	C2 deficiency	OMIM:217000
993342	1337	1350	C2 deficiency	OMIM:217000
993342	1448	1461	C2 deficiency	OMIM:217000
993342	1489	1502	C2 deficiency	OMIM:217000
993342	1666	1679	C2 deficiency	OMIM:217000
9671401	45	59	retinoblastoma	MESH:D012175
9671401	105	110	tumor	MESH:D009369
9671401	282	296	retinoblastoma	MESH:D012175
9671401	365	371	tumors	MESH:D009369
9671401	800	806	tumors	MESH:D009369
9856499	11	24	C7 deficiency	MESH:C566443
9856499	131	144	C7 deficiency	MESH:C566443
9529364	65	101	isolated diffuse mesangial sclerosis	MESH:C537346
9529364	92	101	sclerosis	MESH:D012598
9529364	356	376	Denys-Drash syndrome	MESH:D030321
9529364	368	376	syndrome	MESH:D013577
9529364	378	381	DDS	MESH:D030321
9529364	387	414	diffuse mesangial sclerosis	MESH:C537346
9529364	405	414	sclerosis	MESH:D012598
9529364	416	419	DMS	MESH:C537346
9529364	437	458	pseudohermaphroditism	MESH:D012734
9529364	437	477	pseudohermaphroditism and/or Wilms tumor	MESH:D030321
9529364	466	477	Wilms tumor	MESH:D009396
9529364	472	477	tumor	MESH:D009369
9529364	479	481	WT	MESH:D009396
9529364	502	505	DDS	MESH:D030321
9529364	606	610	spot	MESH:D008796
9529364	684	687	DMS	MESH:C537346
9529364	704	707	DDS	MESH:D030321
9529364	720	744	urogenital abnormalities	MESH:D014564
9529364	752	754	WT	MESH:D009396
9529364	996	999	DDS	MESH:D030321
9529364	1114	1121	disease	MESH:D004194
9529364	1420	1423	DMS	MESH:C537346
9529364	1449	1452	DMS	MESH:C537346
9391889	25	54	congenital myotonic dystrophy	MESH:D009223
9391889	104	133	congenital myotonic dystrophy	MESH:D009223
9391889	170	187	mentally retarded	MESH:D008607
9391889	212	229	muscular weakness	MESH:D018908
9391889	265	285	feeding difficulties	MESH:D001068
9465301	173	190	Angelman syndrome	MESH:D017204
9465301	182	190	syndrome	MESH:D013577
9465301	255	273	uniparental disomy	MESH:D024182
9949197	68	101	Emery-Dreifuss muscular dystrophy	MESH:D020389
9949197	83	101	muscular dystrophy	MESH:D009136
9949197	173	206	Emery-Dreifuss muscular dystrophy	MESH:D020389
9949197	188	206	muscular dystrophy	MESH:D009136
9949197	208	212	EDMD	MESH:D020389
9949197	732	737	spots	MESH:D008796
9949197	1165	1169	EDMD	MESH:D020389
9949197	1456	1460	EDMD	MESH:D020389
9949197	1685	1689	EDMD	MESH:D020389
9988281	70	87	breast carcinomas	MESH:D001943
9988281	77	87	carcinomas	MESH:D002277
9988281	174	188	ovarian cancer	MESH:D010051
9988281	182	188	cancer	MESH:D009369
9988281	248	255	cancers	MESH:D009369
9988281	305	312	cancers	MESH:D009369
9988281	461	476	ovarian cancers	MESH:D010051
9988281	469	476	cancers	MESH:D009369
9988281	996	1015	breast malignancies	MESH:D001943
9988281	1003	1015	malignancies	MESH:D009369
9988281	1132	1147	lobular cancers	MESH:D018275
9988281	1140	1147	cancers	MESH:D009369
9988281	1162	1179	ductal carcinomas	MESH:D044584
9988281	1169	1179	carcinomas	MESH:D002277
9988281	1269	1286	ductal carcinomas	MESH:D044584
9988281	1276	1286	carcinomas	MESH:D002277
9988281	1396	1410	breast cancers	MESH:D001943
9988281	1403	1410	cancers	MESH:D009369
